start	end	text
1067	3168	This is your everyday English class.
3668	4468	Hello.
4848	6929	Welcome to English Cactus.
7309	8409	My name is Anna.
8889	10030	And my name is Brian.
10470	16592	This podcast will help you practice your English in a fun and natural way, improving your listening skills.
17343	21724	Learning English in real life situations can feel difficult sometimes.
22365	30447	Maybe you understand a grammar, maybe you know many words, but when you hear a real conversation, it can still feel confusing.
31067	32228	And here's something interesting.
32788	40070	Many students study English for years, but they still feel nervous in simple everyday situations, like shopping.
40712	47335	Yes, imagine you want to buy something, maybe clothes, headphones, or even a laptop.
47875	51577	Should you buy it online or should you go to a physical store?
52157	59380	Today's episode is about online shopping versus shopping in stores, a topic that is part of our daily lives.
60000	68044	In this episode, you will listen to a natural conversation where people talk about the advantages and disadvantages of both options.
68926	72469	Don't worry if you don't understand everything the first time.
72669	78214	Just relax, grab your coffee, listen carefully and enjoy the conversation.
78894	85520	After the dialogue, we will explain the most important phrases, useful vocabulary and some cultural tips.
86000	88763	This will make everything much easier to understand.
89627	92349	And don't forget to subscribe to the channel.
92770	95032	Your support is very important for us.
95472	98314	And when you subscribe, you won't miss the next lessons.
99015	101557	Also, tell us in the comments, where are you from?
101957	104840	We love seeing students from all around the world.
105560	106982	Now, grab your coffee.
107482	108103	Relax.
108703	109504	And let's begin.
113633	115154	Hey Maya, good to see you.
115174	117276	I just came back from the mall.
117556	119678	I was looking for a new pair of headphones.
120459	120999	Oh really?
121159	122080	You went to the mall?
122100	124502	I usually buy things online these days.
124722	126123	It's so much easier for me.
126784	130187	Yeah, I know a lot of people prefer online shopping now.
130607	133329	But honestly, I still like going to stores.
133830	136172	I like to see the product with my own eyes.
136927	137627	That makes sense.
138227	142129	When you shop online, you can't really touch the product or try it.
142589	145010	But for me, the convenience is amazing.
145290	147111	I can buy something while sitting on my couch.
147811	148131	True.
148651	151052	Online shopping is definitely convenient.
151532	154053	Last week, I ordered a phone case online.
154293	155593	It took only two minutes.
156114	158995	But when it arrived, it looked different from the pictures.
159795	160435	Oh, no.
160735	161756	That happens sometimes.
162196	162896	Did you return it?
163596	166238	Yeah, but the return process took a while.
166799	171023	I had to print a label, go to the post office, and wait for the refund.
171683	174206	That's one thing I don't like about online shopping.
174486	176208	Returning items can be annoying.
176768	179270	In a physical store, you can just talk to the cashier.
180011	180632	Exactly.
181012	184956	Today at the store, I asked the salesperson, what do you recommend?
185356	187458	And he showed me three different headphones.
188126	189566	That's actually really helpful.
190006	193547	Sometimes I feel lost online because there are too many options.
194267	197548	Yes, on the website you see hundreds of products.
197988	199989	I keep scrolling and scrolling.
200769	201249	Same here.
201449	205090	Sometimes I spend an hour comparing prices and reading reviews.
205870	207191	Reviews are useful though.
207651	210791	I always check the reviews before buying something online.
211572	212012	Me too.
212292	216593	If I see a product with many good reviews, I feel more confident about buying it.
217215	219856	By the way, did you ever buy clothes online?
220516	221617	Oh yes, many times.
222037	223938	But it's always a little risky.
224658	225358	Why risky?
226058	227639	Because sizes are different.
228039	232181	Sometimes I order a medium, but when the package arrives, it feels like a small.
232901	234662	I know exactly what you mean.
235122	237503	Last month I ordered a jacket online.
237883	241804	It looked great in the photos, but when I tried it on, it was too tight.
242485	243205	Did you return it?
243901	246483	Yeah, but the return process was slow.
246963	249485	That's why I prefer buying clothes in stores.
249785	250706	I can try them on.
251407	253328	That's a big advantage of physical stores.
253628	257091	You can check the size, the material, and the color in real life.
257851	258452	Exactly.
258832	261534	Today I tried on three pairs of headphones.
262055	266618	One was too heavy, one was uncomfortable, and the last one was perfect.
267338	267719	Nice.
267979	268940	Which one did you choose?
269700	271261	The black wireless one.
271602	273363	The sound quality is amazing.
274113	274793	Sounds great.
275073	275713	How much was it?
276353	276573	It was $80.
276833	278814	That's not bad.
279134	280394	Did the store have a discount?
281134	281934	Actually, yes.
282374	287135	The original price was $100, but they had a 20% discount today.
287835	289056	Wow, that's a good deal.
289576	292236	Sometimes online stores also have big discounts.
292916	296877	That's true, especially during big sales like Black Friday.
297737	299657	Oh yes, I love Black Friday.
300097	303378	Last year, I bought a laptop online with a huge discount.
304091	306512	Did you research the product before buying it?
307193	307713	Of course.
308013	312836	I watched review videos, read customer comments, and compared prices on different websites.
313516	314176	That's smart.
314617	318319	When I shop online, I also compare prices on different sites.
318839	321761	Sometimes the same product is cheaper somewhere else.
322501	325222	Exactly, and sometimes you can get free shipping.
325943	327604	Free shipping is the best.
328144	329805	Nobody likes paying for delivery.
330531	331251	Totally agree.
331671	334032	But sometimes the delivery takes too long.
334672	336753	Yeah, waiting can be frustrating.
337213	340214	When you buy something in a store, you take it home immediately.
340914	341574	That's true.
341974	343274	Instant satisfaction.
343955	347376	Another thing I like about physical stores is asking questions.
347876	352897	Today I asked the salesperson, sorry, did you say this model has noise canceling?
353617	354497	And what did he say?
355138	356638	He said, yes, it does.
357018	358799	And the battery lasts about 30 hours.
360227	360967	That's impressive.
361628	365010	Yeah, and I could test the headphones right there in the store.
365710	367471	That's something you can't do online.
368191	368792	Exactly.
369172	372033	But online shopping still has many advantages.
372734	373154	Like what?
373834	376836	Well, you can shop anytime, even at midnight.
377576	378817	That's my favorite part.
379177	382739	Last night, I bought a book at 11.30 p.m. See?
383199	384840	Stores were probably closed.
385520	386081	Exactly.
386421	387982	Online stores never close.
388688	390210	Another thing is variety.
390810	393212	Online stores usually have more options.
393993	397497	Yes, sometimes local stores don't have the product you want.
398177	400780	True, but sometimes the opposite happens.
401180	404103	A store may have a product that is sold out online.
404804	405885	That's also true.
406525	409949	I guess both options have advantages and disadvantages.
410709	412972	Yeah, it really depends on what you're buying.
413711	418534	For example, electronics can be good online because you can compare many models.
419295	422617	But clothes and shoes are easier in physical stores.
423377	423978	Exactly.
424598	427920	By the way, do you prefer paying online or in person?
428661	429401	Good question.
429801	434144	Online payments are easy, but sometimes I feel safer paying in the store.
434805	435445	I understand.
435765	438207	Some people worry about online security.
438907	442990	Yeah, I always check if the website is safe before entering my credit card.
443644	445024	That's a very good habit.
445584	446205	What about you?
446225	448765	Do you use your phone to pay online?
449405	451326	Yes, sometimes it's very quick.
451566	453666	Just a few clicks and the order is done.
454346	456927	Technology really changed the way we shop.
457607	458347	Definitely.
458367	461848	20 years ago, online shopping was not very common.
462528	464608	Now it's part of our daily lives.
465289	471730	But I still enjoy visiting stores sometimes, walking around, seeing new products, and maybe finding a surprise.
472543	473083	Same here.
473564	476765	Sometimes shopping in stores is also a social activity.
477525	478246	Exactly.
478486	479766	You can go shopping with friends.
480527	482188	And maybe grab a coffee after.
482888	483888	That sounds perfect.
484569	485789	So, what do you think?
486290	488531	Online shopping or shopping in stores?
489211	490572	Honestly, I like both.
491012	495354	Online shopping is great for convenience and stores are great for experience.
496158	496639	I agree.
496979	499802	The best option is using both when it makes sense.
500603	501183	Exactly.
501464	502305	Smart shopping.
503005	503586	Well said.
504066	509712	And remember, keep learning, keep exploring, and keep improving your English every day.
510433	510713	Yes.
511014	514898	Study English every day, learn something new, and you're doing great.
515158	515658	Keep going.
516279	517500	Thanks for the chat, Maya.
518141	518862	Anytime, Lucas.
520900	525423	Wow, that was a really interesting conversation between Lucas and Maya.
525903	528585	They talked about something that is part of our daily life.
529145	529586	Shopping.
530206	532528	Online shopping and shopping in stores.
533068	536230	Don't worry if you didn't understand everything in the conversation.
536510	537651	That's completely normal.
538131	541974	Now we will go step by step and it will become much easier.
542615	545836	Let's begin with some important phrases from the dialogue.
546577	551459	Lucas said the sentence, I like to see the product with my own eyes.
552139	554700	This sentence is very natural in English.
555260	560642	Lucas is explaining that he prefers shopping in stores because he can look at the product directly.
561343	566885	When we say with my own eyes, we mean we want to personally see something to be sure.
567685	572167	For example, you might say, That's a great phrase because it shows trust and personal verification.
572187	576249	When Lucas says this, he means that pictures online are sometimes not enough.
589335	595477	Now, Maya answered with a very common idea when she said, I can buy something while sitting on my couch.
596098	597758	This sentence shows convenience.
598178	600139	It means you don't need to leave your house.
600439	602980	You can buy products from your phone or computer.
603480	606902	You could also say, I ordered dinner while sitting on my couch.
607522	610543	Or, I bought my shoes online while sitting at home.
611143	611864	Let's continue.
612525	615107	Lucas later said, Did you return it?
615668	618831	This is a very practical question when talking about shopping.
619532	624557	Return means giving the product back to the store because you are not satisfied.
625178	628842	You might say, I returned the shirt because it was too small.
629462	632826	Or, I returned the phone because it didn't work well.
633392	636735	And Lucas also asked a common shopping question in the store.
637256	638177	What do you recommend?
638677	641540	This is extremely useful when you don't know what to choose.
642041	643742	You can use it in many situations.
644183	646305	In a restaurant, what do you recommend?
646805	649688	In a clothing store, what do you recommend for winter?
650249	653472	In an electronics store, what laptop do you recommend?
654088	661031	Another natural phrase from the dialogue was when Lucas asked, sorry, did you say this model has noise canceling?
661671	664313	This is a polite way to confirm information.
664813	667734	Sometimes we didn't hear correctly, so we ask again.
668334	672016	You can say, sorry, did you say large or medium?
672576	675338	Or, sorry, did you say the meeting is at 3 p.m.?
676650	680352	Another great phrase appeared when Maya talked about online shopping.
680793	683534	She said, I feel more confident about buying it.
684155	688358	Feel confident means you feel sure or comfortable about your decision.
688778	693441	For example, I feel confident about this product because it has many good reviews.
694001	696603	Or, I feel confident speaking English now.
697200	700264	And finally, Lucas said something very interesting.
700904	703808	Technology really changed the way we shop.
704468	706871	This sentence talks about transformation.
707372	709454	Technology has changed our habits.
710035	718104	You could say similar sentences like technology changed the way we communicate, or the internet changed the way we learn.
718803	721344	As you can see, these sentences are very practical.
721604	725626	You can use them in real life when shopping, traveling, or talking with friends.
726266	730528	Now, let's talk about some important vocabulary that appeared in the dialogue.
731048	735390	These words are extremely useful if you want to talk about shopping in English.
736283	738625	The first word is convenience.
739146	743309	Convenience means something is easy and saves time or effort.
744010	749355	Maya said that online shopping is convenient because she can buy things without leaving home.
750015	757121	For example, online banking is very convenient, or living close to work is convenient.
757762	763347	The opposite idea could be inconvenient, which means something causes difficulty or trouble.
763924	765765	The second word is return.
766245	770286	To return means to give a product back to the store after buying it.
770826	773867	People usually return products for several reasons.
774267	779789	Maybe the size is wrong, maybe the item is damaged, or maybe they simply change their mind.
780189	784150	For example, I need to return these shoes because they are too small.
784730	787671	Or, the store has a 30-day return policy.
788433	794576	Now, let's talk about some cultural aspects of shopping, especially in countries like the United States.
795356	797657	One interesting thing is return policies.
798298	802920	Many stores allow customers to return products within a certain number of days.
803398	807463	Yes, and in many American stores you can return items within 30 days.
807924	810026	Sometimes you even receive a full refund.
810467	812569	However, you usually need the receipt.
812990	816474	The receipt is the paper or digital proof of your purchase.
816954	819477	Another cultural point is customer service.
820138	826722	In many physical stores in the United States, salespeople will approach you and ask, can I help you find something?
827043	831005	If you want help, you can say, yes, I'm looking for headphones.
831566	837009	But if you prefer to look around alone, you can politely say, no thanks, I'm just looking.
837409	840511	Another interesting difference is about price comparison.
841112	846215	Many people in the US check prices online even while they are inside a store.
846756	848677	They compare prices using their phones.
849086	851587	This behavior is sometimes called showrooming.
851987	856830	People look at the product in the store, but they buy it online if the price is cheaper.
857270	858731	But stores are adapting.
859191	861212	Some stores now offer price matching.
861592	866034	Price matching means the store will match the online price, so you can buy it there.
866474	869196	Another cultural aspect is Black Friday.
869516	873358	Black Friday is one of the biggest shopping days in the United States.
873658	875459	It happens the day after Thanksgiving.
875987	881328	Stores offer huge discounts, and many people wake up very early to go shopping.
881648	885009	And nowadays, many of those deals are also available online.
885429	888629	Shopping culture continues to change because of technology.
889030	894090	But one thing remains the same, people always look for good quality and good prices.
894471	894991	Exactly.
895471	901752	And learning how to talk about these situations in English helps you feel more confident when traveling or shopping abroad.
902204	908407	Now that we understand the dialogue, the vocabulary, and the cultural tips, let's help you practice a little more.
908688	914010	Yes, in this part we will show you simple sentence models you can use when talking about shopping.
914451	918513	These sentences are very practical, and you can adapt them to many situations.
918953	920094	The idea is simple.
920414	924116	You learn a structure, and then you change a few words to create your own sentence.
924467	926888	Don't worry if you feel nervous speaking English.
927108	927708	That's normal.
928048	929509	Start with simple sentences.
929949	932290	Step by step, you will feel more confident.
932650	933150	Keep going.
933330	934011	You're doing great.
934491	937812	One very useful structure is, I'm looking for.
938652	942054	Example, I'm looking for wireless headphones.
942414	944234	You can change the product easily.
944574	947135	For example, I'm looking for a black jacket.
947676	949256	I'm looking for running shoes.
949716	951217	I'm looking for a phone charger.
951605	954326	If you forget the word, you can say something even simpler.
954946	955846	This one, please.
956246	957747	Simple English works very well.
958027	959367	Communication is the goal.
959767	963188	Another very useful sentence is, what do you recommend?
963608	966349	This sentence is extremely common in stores.
966849	969590	Example, what headphones do you recommend?
970030	972110	Or, what laptop do you recommend?
972610	974531	What shoes do you recommend for walking?
975010	978252	This question helps you start a conversation with the salesperson.
978632	982214	Another important question when shopping is, how much is this?
982734	984295	Very simple and very useful.
984715	986856	For example, how much is this jacket?
987296	988517	How much are these shoes?
988917	990338	Remember something important.
990698	994040	When the product is one item, we say how much is this.
994560	998482	When the product is more than one item, we say how much are these?
998967	1001408	For example, how much are these headphones?
1001948	1003429	You can also ask about discounts.
1003969	1006351	Example, is there a discount?
1006371	1008612	Or you can say, is this on sale?
1008852	1011113	For example, is this jacket on sale?
1011557	1014958	Sales and discounts are very common in shopping conversations.
1015358	1019779	If you are talking about online shopping, you can say, I bought this online.
1020259	1022120	Or, I ordered this online.
1022540	1023520	Example sentences.
1024141	1025961	I ordered these shoes online.
1026441	1027982	I bought this phone online.
1028242	1030962	You can also say, the delivery was very fast.
1031483	1032963	Or, the shipping was free.
1033525	1035646	And that's the end of today's episode.
1036247	1043732	Today we talked about online shopping and shopping in stores, two very common experiences in our daily lives.
1044452	1045113	Exactly.
1045593	1057221	You learned useful phrases for shopping, important vocabulary like discount, return, shipping and review, and also some cultural tips about how people shop in different places.
1058048	1060610	Now, here's the most important part.
1061111	1061851	Practice.
1062412	1064633	Try to use these phrases in your daily life.
1065154	1071819	When you visit a store, try asking simple questions like, how much is this, or what do you recommend?
1072580	1080306	And when you shop online, try reading reviews in English, comparing prices, and paying attention to the vocabulary you learned today.
1081127	1084830	Small actions like these help you improve your English naturally.
1085498	1088699	Do you prefer shopping online or shopping in stores?
1089439	1091020	Why do you prefer that option?
1091680	1092640	Tell us in the comments.
1093100	1095741	Your answer can help other students practice English too.
1096421	1099022	And remember, learning English is a journey.
1099462	1100802	You don't need to be perfect.
1101022	1103463	Just keep practicing a little every day.
1104203	1108144	Study English every day, learn something new, and don't give up.
1108785	1109685	You're doing great!
1110415	1116681	If you enjoyed this episode, subscribe to the channel and share this podcast with a friend who is also learning English.
1117402	1120445	The more you listen, the more confident you will become.
1121125	1121906	Keep practicing.
1122507	1123287	Keep improving.
1123888	1124549	And take care.
